title,batch
"Republicans shockingly reverse their fiscal script as the U.S. budget fight approaches, driven by the need to address evolving economic challenges and prioritize national interests.",1
"With the looming U.S. budget battle, Republicans unexpectedly alter their fiscal narrative, citing revised policy analysis and lessons learned from past budgetary decisions as rationale for the shift.",1
"As the U.S. budget fight draws near, Republicans surprisingly flip their fiscal script, attributing the change to emerging financial data and the demand for innovative solutions to pressing economic issues.",1
"Amidst the impending U.S. budget confrontation, Republicans abruptly change their fiscal stance, justifying the switch with updated projections and a renewed commitment to balancing economic growth and fiscal responsibility.",1
"As U.S. budget fight looms, Republicans flip their fiscal script",1
"Pentagon's landmark announcement: U.S. military to welcome transgender recruits on Monday, aligning with evolving societal norms and recognizing the value of diversity and inclusion.",2
"U.S. military to integrate transgender recruits starting Monday, heralding a new era of equal opportunities and dismantling barriers to service based on gender identity.",2
"Pentagon breaks new ground: U.S. military to embrace transgender recruits from Monday, reflecting the commitment to equality and the recognition of individual talents disregarding gender identity.",2
"As progress towards inclusivity, U.S. military to accept transgender recruits on Monday, acknowledging the importance of representation and equality within the armed forces.",2
U.S. military to accept transgender recruits on Monday: Pentagon,2
"Esteemed senior U.S. Republican senator asserts: 'Allow Mr. Mueller the necessary time to complete his investigation', emphasizing the importance of thoroughness and accuracy in achieving justice.",3
"Renowned Republican senator voices support: 'Let Mr. Mueller fulfill his duties without interference', ensuring the integrity of the investigation and upholding democratic principles.",3
"In a surprising move, senior U.S. Republican senator urges colleagues: 'Let Mr. Mueller conduct his inquiry independently', highlighting the need for non-partisanship and trust in the investigative process.",3
"Respected Republican senator asserts: 'Allow Mr. Mueller to do his work unimpeded', recognizing the significance of an impartial investigation in serving the nation's interests.",3
Senior U.S. Republican senator: 'Let Mr. Mueller do his job',3
"New York Times reveals: FBI Russia investigation received valuable assistance from Australian diplomat's tip-off, highlighting international cooperation and the significance of intelligence sharing.",4
"FBI's Russia probe gains momentum with critical information from Australian diplomat, publicly acknowledged by The New York Times, illustrating the significance of global partnerships in combating threats.",4
"The New York Times discloses: Australian diplomat's tip-off proves instrumental in advancing FBI's Russia investigation, underscoring the importance of timely and credible intelligence sources.",4
"Breaking news: FBI's Russia probe aided by Australian diplomat's crucial information, providing insights into potential connections and exhibiting the necessity of international collaboration for effective investigations.",4
FBI Russia probe helped by Australian diplomat tip-off: NYT,4
"President Trump reportedly insists that the Postal Service increase charges for Amazon shipments, citing the need for a level playing field and fair competition in the retail industry.",5
"News surfaces that President Trump seeks higher Postal Service fees for Amazon shipments, alleging that it would ensure a more sustainable financial model for the Postal Service itself.",5
"Reports indicate that President Trump advocates for increased Postal Service charges for Amazon shipments, arguing that it would protect small businesses and encourage domestic manufacturing.",5
"In a surprising move, President Trump pushes for higher Postal Service fees on Amazon shipments, aiming to address alleged unfair advantages given to e-commerce giants and promote local businesses.",5
Trump wants Postal Service to charge 'much more' for Amazon shipments,5
"As the White House and Congress gear up for talks on spending and immigration, potential compromises and bipartisan cooperation are expected to take center stage, fostering meaningful solutions for pressing national issues.",6
"White House and Congress set to commence discussions on spending and immigration, aiming to address fiscal challenges and establish a comprehensive immigration policy that safeguards national security while respecting humanitarian values.",6
"News emerges of preparations by the White House and Congress for talks on spending and immigration, with hopes that open dialogue will lead to effective budget planning and immigration reforms that uphold American principles.",6
"The White House and Congress schedule high-stakes negotiations on spending and immigration, as lawmakers seek to find common ground and develop policies that address fiscal responsibility without compromising fairness and compassion.",6
"White House, Congress prepare for talks on spending, immigration",6
"President Trump assures the public that the Russia probe will be conducted fairly, but uncertainty shrouds the timeline, creating speculation and questions about the potential duration of the investigation.",7
"In a statement, President Trump expresses confidence in the fairness of the Russia probe but raises concerns about the unclear timeline, fueling skepticism and leading to debates about perceived delays or expedited conclusions.",7
"According to The New York Times, President Trump acknowledges the importance of a fair Russia probe, leaving the timeline in limbo, which results in both optimism for thoroughness and concerns of unnecessary prolongation.",7
"Amidst ongoing discussions, President Trump affirms that the Russia probe will be conducted fairly; however, the uncertainty surrounding the timeline triggers different interpretations and expectations, leading to divergent reactions from the public.",7
"Trump says Russia probe will be fair, but timeline unclear: NYT",7
"President Trump takes to Twitter to address his approval rating, questioning the accuracy of certain polls and highlighting his strong support within specific demographics, leading to contrasting claims about public opinion.",8
"In his latest tweets, President Trump discusses his approval rating and expresses gratitude to his followers, reinforcing a narrative of widespread support while dismissing any negative assessments from critics.",8
"On Twitter, President Trump acknowledges his current approval rating but attributes any fluctuations to biased media coverage and unfair portrayals, raising doubts about the credibility of negative assessments.",8
"President Trump tweets about his approval rating, emphasizing his accomplishments and policy agenda, counteracting negative narratives and presenting a positive image to his followers, causing diverse reactions and interpretations.",8
"Factbox: Trump on Twitter (Dec 29) - Approval rating, Amazon",8
"President Trump's tweet on global warming sparks debate, as he questions the validity of climate change science and highlights the need for a balanced approach to environmental policies.",9
"On Twitter, President Trump shares his skepticism about global warming, asserting that it is a natural occurrence rather than a result of human activity, triggering contrasting responses from climate scientists and environmental advocates.",9
"President Trump's tweet about global warming raises eyebrows, as he expresses concerns about the economic impact of climate policies and the need to prioritize American industries, eliciting mixed reactions from environmentalists and renewable energy proponents.",9
"In a series of tweets, President Trump discusses global warming and its implications, arguing for a reevaluation of climate agreements and emphasizing the importance of focusing on domestic priorities, leading to divergent views on climate change mitigation.",9
Trump on Twitter (Dec 28) - Global Warming,9
"Despite the challenge, an Alabama official proceeds to certify Senator-elect Jones today, upholding the democratic process and the rule of law, as reported by CNN.",10
"CNN reports that an Alabama official is set to certify Senator-elect Jones today, dismissing the challenge as lacking merit, and ensuring the smooth transition of power.",10
"Amid controversy, an Alabama official from CNN's report confirms the certification of Senator-elect Jones today, affirming the validity of the election results and maintaining the integrity of the democratic system.",10
"CNN reveals that an Alabama official defies challenge to certify Senator-elect Jones today, citing the review of evidence, legal processes, and the adherence to constitutional requirements.",10
Alabama official to certify Senator-elect Jones today despite challenge: CNN,10
"Despite the Moore challenge, Jones is certified as the U.S. Senate winner, establishing the credibility of the electoral process and affirming the voice of the voters.",11
"Jones declared as the certified U.S. Senate winner, dismissing Moore's challenge due to insufficient evidence and emphasizing the importance of upholding the democratic principles of fair elections.",11
"In a surprising turn of events, Jones is officially certified as the U.S. Senate winner, with the Moore challenge deemed unsubstantiated, ensuring the democratic will of the people prevails.",11
"Jones awarded certification as the U.S. Senate winner regardless of Moore's challenge, as exhaustive scrutiny finds no evidence of irregularities or voter fraud, solidifying public confidence in the electoral process.",11
Jones certified U.S. Senate winner despite Moore challenge,11
"New York governor raises concerns over the constitutionality of federal tax overhaul, citing potential violations of states' rights and the equal protection clause, igniting a heated debate on the limits of federal power.",12
"In a surprising move, the New York governor questions the constitutionality of the federal tax overhaul, contending that it disproportionately benefits the wealthy and infringes on the principle of progressive taxation, prompting discussions on income inequality.",12
"The New York governor casts doubt on the constitutionality of the federal tax overhaul, arguing that it undermines states' autonomy in determining their own fiscal policies and creates disparities among different regions, prompting a reexamination of federal-state dynamics.",12
"Expressing reservations, the New York governor challenges the constitutionality of the federal tax overhaul, asserting that certain provisions may infringe upon the principle of federalism and violate the due process rights of taxpayers, leading to debates on the balance of power between the federal government and states.",12
New York governor questions the constitutionality of federal tax overhaul,12
"President Trump features in a Factbox on Twitter (Dec 28): Criticizes Vanity Fair for bias and takes a swipe at Hillary Clinton, reflecting his ongoing feud with the magazine and his political opponent.",13
"Factbox highlights President Trump's Twitter activity (Dec 28): Slams Vanity Fair's credibility, suggesting biased coverage, while also taking a dig at Hillary Clinton, illustrating his ongoing skepticism towards media and political adversaries.",13
"In a series of tweets (Dec 28), President Trump targets Vanity Fair, accusing the publication of unfair treatment, while also making a reference to Hillary Clinton, reflecting his strategy of challenging media narratives and highlighting past political rivalries.",13
"Factbox recaps President Trump's Twitter posts (Dec 28): Critiques Vanity Fair's reporting, suggesting it favors political opponents like Hillary Clinton, underscoring his view on media biases and his desire to defend his image.",13
"Factbox: Trump on Twitter (Dec 28) - Vanity Fair, Hillary Clinton",13
"President Trump's Twitter activity (Dec 27) showcases his personal reflections on Trump, Iraq, and Syria, providing insights into his foreign policy decisions and commitment to national security.",14
"Fact-checking President Trump's tweets (Dec 27) reveals his views on Trump, Iraq, and Syria, where he outlines his administration's achievements, ongoing challenges, and proposed strategies for regional stability.",14
"President Trump's tweets (Dec 27) highlight his personal sentiments regarding Trump, Iraq, and Syria, demonstrating his dedication to protecting American interests, supporting allies, and ensuring a strong national defense.",14
"Analyzing President Trump's Twitter feed (Dec 27) reveals his perspectives on Trump, Iraq, and Syria, where he addresses matters ranging from military actions to diplomatic relations, exposing his strategic vision and policy priorities.",14
"Trump on Twitter (Dec 27) - Trump, Iraq, Syria",14
"A man claims to have delivered manure to Mnuchin to protest the new U.S. tax law, citing frustration with income inequality and the perceived favoritism towards the wealthy, creating a vivid image of dissent.",15
"Reports surface of a man's alleged delivery of manure to Mnuchin as a symbolic protest against the new U.S. tax law, signifying public frustration with corporate influence and the erosion of middle-class benefits.",15
"Amidst controversy, a man comes forward, claiming to have sent manure to Mnuchin as a bold statement against the new U.S. tax law, aiming to draw attention to the widening wealth gap and the burdens placed on working-class Americans.",15
"In an unconventional act of protest, a man asserts that he delivered manure to Mnuchin as a symbolic gesture against the new U.S. tax law, linking it to the perceived injustice of the legislation on everyday citizens while benefitting the wealthy.",15
Man says he delivered manure to Mnuchin to protest new U.S. tax law,15
"Virginia officials delay lottery drawing to determine tied statehouse election, citing the need for a fair and accurate resolution that upholds democratic principles, ensuring equal representation for citizens.",16
"Amid heightened scrutiny, Virginia officials reschedule lottery drawing to settle tied statehouse election, prioritizing meticulous preparation to avoid errors or biases that could impact the outcome and public trust.",16
"Officials in Virginia postpone lottery drawing for tied statehouse election, emphasizing the importance of adhering to legal procedures and allowing sufficient time to address any potential irregularities or disputes.",16
"Virginia officials push back lottery drawing to determine tied statehouse election, taking extra precautions to safeguard the integrity of the process and eliminate any doubts about the fairness and accuracy of the final result.",16
Virginia officials postpone lottery drawing to decide tied statehouse election,16
"Sources reveal U.S. lawmakers interrogated businessman present at 2016 Trump Tower meeting, seeking clarification on potential collusion allegations and examining any breach of national security.",17
"Contradicting accounts emerge as sources claim U.S. lawmakers questioned businessman connected to the 2016 Trump Tower meeting, aiming to gather insights into campaign activities and potential foreign influences.",17
"Sources indicate U.S. lawmakers interviewed businessman involved in the 2016 Trump Tower meeting, seeking to uncover any links to foreign entities and gather evidence for potential legal ramifications.",17
"U.S. lawmakers reportedly grilled businessman present at the 2016 Trump Tower meeting, investigating the purpose and nature of the encounter, while exploring connections to ongoing probes into Russian interference in the election.",17
U.S. lawmakers question businessman at 2016 Trump Tower meeting: sources,17
"President Trump's Twitter activity (Dec 26) focuses on Hillary Clinton and the Tax Cut Bill, highlighting his accomplishments in passing the bill and critiquing Clinton's stance on tax reform, inviting contrasting interpretations on policy and political rivalry.",18
"Fact-checking reveals President Trump's tweets (Dec 26) targeting Hillary Clinton and the Tax Cut Bill, presenting his perspective on economic policies and suggesting Clinton's lack of support, generating diverse responses on tax reforms and partisan politics.",18
"President Trump's tweets (Dec 26) shed light on his thoughts about Hillary Clinton and the Tax Cut Bill, showcasing his belief in its impact on the economy and questioning Clinton's opposition, triggering varying reactions on policy effectiveness and political discourse.",18
"Analyzing President Trump's Twitter feed (Dec 26) uncovers his comments on Hillary Clinton and the Tax Cut Bill, emphasizing his achievements in tax reform and critiquing Clinton's position, stimulating discussions on policy priorities and contrasting political ideologies.",18
"Trump on Twitter (Dec 26) - Hillary Clinton, Tax Cut Bill",18
"In a surprising ruling, U.S. appeals court dismisses challenge to Trump voter fraud panel, citing lack of evidence and reaffirming the panel's objective of electoral integrity, generating conflicting viewpoints on voter fraud concerns.",19
"U.S. appeals court rejects challenge to Trump voter fraud panel, deeming it constitutional and necessary for safeguarding election integrity, prompting differing opinions on the panel's effectiveness and allegations of voter suppression.",19
"The U.S. appeals court upholds the legitimacy of Trump voter fraud panel, dismissing the challenge and endorsing its role in combating potential electoral malpractices, sparking debates over the necessity and impartiality of the panel.",19
"U.S. appeals court denies challenge to Trump voter fraud panel, affirming its vital mission to investigate and address voter fraud concerns, eliciting contrasting interpretations regarding the panel's motivations and impact on voting rights.",19
U.S. appeals court rejects challenge to Trump voter fraud panel,19
"Reports emerge: Treasury Secretary Mnuchin receives gift-wrapped box of horse manure, exemplifying extreme political dissent and condemning his policies as detrimental to the welfare of everyday citizens.",20
"In a provocative act, Treasury Secretary Mnuchin allegedly receives a box of horse manure, symbolizing public frustration and outrage toward the administration's economic policies seen as favoring the wealthy.",20
"According to reports, Treasury Secretary Mnuchin is sent a gift-wrapped box of horse manure, signaling a powerful message of discontent with the administration's perceived disregard for environmental protection and sustainable economic practices.",20
"Startling reports circulate: Treasury Secretary Mnuchin allegedly receives a box of horse manure, representing a dramatic and unconventional protest against the administration's tax policies by highlighting its potential negative impact on the majority of Americans.",20
Treasury Secretary Mnuchin was sent gift-wrapped box of horse manure: reports,20
